{"playerPosition":{"x":151.58599853515626,"y":18.253448486328126,"z":158.07200622558595},"playerRotation":{"x":0.0,"y":0.8656799793243408,"z":0.0,"w":-0.5005979537963867},"sceneIndex":2,"life":150}
